{
  "best_val": 0.07245740727133428,
  "best_weights_path": "/lustre07/scratch/rsadve1/Ablations_Wave3/optuna/runs_1dmrs/clean_b32_prb8_d256_40k_smart_trueDMRS_u34610_1dmrs_stageB_dncnn_trunk_d256_l7/dncnn_trunk_d256_l7_trial_0002/checkpoints/best.weights.h5",
  "checkpoint_metrics": {
    "last_loss": -2.5642850399017334,
    "last_nmse_ls": 0.03747205063700676,
    "last_nmse_prop": 0.030567478388547897
  },
  "last_metrics": {
    "ebno_db": 4.560781478881836,
    "learning_rate": 8.054441423155367e-06,
    "loss": -2.5642850399017334,
    "loss_nll": -2.57397198677063,
    "nmse_ls": 0.03747205063700676,
    "nmse_prop": 0.030567478388547897,
    "num_users": 3,
    "step": 12000,
    "step_elapsed_s": 141.02423283364624,
    "steps_per_s": 1.5687121464293925,
    "training_elapsed_s": 7649.586973182857,
    "val_batch_size": 32,
    "val_ebno_db": "multi",
    "val_ebno_db_values": [
      -4.0,
      -2.0,
      0.0,
      2.0,
      4.0
    ],
    "val_microbatch_size": 16,
    "val_nmse_ls": 0.0915116288815625,
    "val_nmse_prop": 0.07456186897858667,
    "val_snr_hist": {
      "-2.0": 23,
      "-4.0": 16,
      "0.0": 19,
      "2.0": 24,
      "4.0": 14
    },
    "val_user_count_hist": {
      "1": 9,
      "2": 11,
      "3": 28,
      "4": 48
    }
  },
  "latest_step": 12000,
  "latest_training_state_checkpoint": "/lustre07/scratch/rsadve1/Ablations_Wave3/optuna/runs_1dmrs/clean_b32_prb8_d256_40k_smart_trueDMRS_u34610_1dmrs_stageB_dncnn_trunk_d256_l7/dncnn_trunk_d256_l7_trial_0002/checkpoints/training_state/ckpt-12000",
  "resume_enabled": true,
  "save_reason": "final",
  "total_steps": 12000,
  "training_complete": true,
  "training_parameters": {
    "batch_size_eval": 32,
    "batch_size_train": 32,
    "current_learning_rate": 8.054441423155367e-06,
    "eval_every": 1000,
    "evaluation_seed": 1007,
    "grad_clip_norm": 0.5,
    "learning_rate": 0.0002210893178410695,
    "learning_rate_schedule": {
      "decay_rate": 0.96,
      "decay_steps": 12000.0,
      "final_fraction": 0.036430683993363126,
      "learning_rate": 0.0002210893178410695,
      "polynomial_power": 1.0,
      "restart_first_decay_steps": 2500.0,
      "restart_m_mul": 0.8,
      "restart_t_mul": 2.0,
      "schedule": "cosine_decay"
    },
    "memory_cleanup_every_steps": 100,
    "nmse_loss_weight": 0.3169058880316735,
    "seed": 7,
    "training_seed": 7,
    "val_microbatch_size": 16,
    "val_steps": 96,
    "weight_decay": 1.613671536589336e-06
  }
}