{
  "best_val": 0.03670122865393447,
  "best_weights_path": "/scratch/rsadve1/NewAblations_Fabel/TWC_plots_comprehensive/runs_rx16/seed7/1dmrs/local_only_no_axial_attn_d256_b4_r2/checkpoints/best.weights.h5",
  "checkpoint_metrics": {
    "last_loss": -2.488302230834961,
    "last_nmse_ls": 0.07329228520393372,
    "last_nmse_prop": 0.03260846808552742
  },
  "last_metrics": {
    "ebno_db": 0.4299020767211914,
    "learning_rate": 0.0004415810981299728,
    "loss": -2.488302230834961,
    "loss_nll": -2.503915309906006,
    "nmse_ls": 0.07329228520393372,
    "nmse_prop": 0.03260846808552742,
    "num_users": 3,
    "step": 16000,
    "step_elapsed_s": 115.79937898390926,
    "steps_per_s": 2.0355389313229235,
    "training_elapsed_s": 7860.326203440083,
    "val_batch_size": 32,
    "val_ebno_db": "multi",
    "val_ebno_db_values": [
      -4.0,
      -2.0,
      0.0,
      2.0,
      4.0
    ],
    "val_microbatch_size": 16,
    "val_nmse_ls": 0.0930869687969486,
    "val_nmse_prop": 0.03670122865393447,
    "val_snr_hist": {
      "-2.0": 17,
      "-4.0": 20,
      "0.0": 21,
      "2.0": 25,
      "4.0": 13
    },
    "val_user_count_hist": {
      "1": 5,
      "2": 17,
      "3": 20,
      "4": 54
    }
  },
  "latest_step": 16000,
  "latest_training_state_checkpoint": "/scratch/rsadve1/NewAblations_Fabel/TWC_plots_comprehensive/runs_rx16/seed7/1dmrs/local_only_no_axial_attn_d256_b4_r2/checkpoints/training_state/ckpt-16000",
  "resume_enabled": true,
  "save_reason": "periodic",
  "total_steps": 40000,
  "training_complete": false,
  "training_parameters": {
    "batch_size_eval": 32,
    "batch_size_train": 32,
    "current_learning_rate": 0.0004415810981299728,
    "eval_every": 2000,
    "evaluation_seed": 1007,
    "grad_clip_norm": 0.5,
    "learning_rate": 0.0005712916127949584,
    "learning_rate_schedule": {
      "decay_rate": 0.96,
      "decay_steps": 50000.0,
      "final_fraction": 0.02159904793462117,
      "learning_rate": 0.0005712916127949584,
      "polynomial_power": 1.0,
      "restart_first_decay_steps": 2500.0,
      "restart_m_mul": 0.8,
      "restart_t_mul": 2.0,
      "schedule": "cosine_decay"
    },
    "memory_cleanup_every_steps": 100,
    "nmse_loss_weight": 0.4788048920718949,
    "seed": 7,
    "training_seed": 7,
    "val_microbatch_size": 16,
    "val_steps": 96,
    "weight_decay": 9.654662480652895e-06
  }
}