{
  "best_val": 0.020306169491959736,
  "best_weights_path": "/scratch/rsadve1/NewAblations_Fabel/TWC_plots_comprehensive/runs_rx16/seed7/1dmrs/no_prompt_film_d256_b4_r2/checkpoints/best.weights.h5",
  "checkpoint_metrics": {
    "last_loss": -3.3123722076416016,
    "last_nmse_ls": 0.05423084273934364,
    "last_nmse_prop": 0.016486458480358124
  },
  "last_metrics": {
    "ebno_db": 2.202631950378418,
    "learning_rate": 0.00010514465975575149,
    "loss": -3.3123722076416016,
    "loss_nll": -3.320266008377075,
    "nmse_ls": 0.05423084273934364,
    "nmse_prop": 0.016486458480358124,
    "num_users": 3,
    "step": 36642,
    "step_elapsed_s": 0.4602169659920037,
    "steps_per_s": 1.7210297246863833,
    "training_elapsed_s": 21290.74209144013
  },
  "latest_step": 36642,
  "latest_training_state_checkpoint": "/scratch/rsadve1/NewAblations_Fabel/TWC_plots_comprehensive/runs_rx16/seed7/1dmrs/no_prompt_film_d256_b4_r2/checkpoints/training_state/ckpt-36642",
  "resume_enabled": true,
  "save_reason": "resource_exhausted",
  "total_steps": 40000,
  "training_complete": false,
  "training_parameters": {
    "batch_size_eval": 32,
    "batch_size_train": 32,
    "current_learning_rate": 0.00010513156303204596,
    "eval_every": 2000,
    "evaluation_seed": 1007,
    "grad_clip_norm": 0.5,
    "learning_rate": 0.0005712916127949584,
    "learning_rate_schedule": {
      "decay_rate": 0.96,
      "decay_steps": 50000.0,
      "final_fraction": 0.02159904793462117,
      "learning_rate": 0.0005712916127949584,
      "polynomial_power": 1.0,
      "restart_first_decay_steps": 2500.0,
      "restart_m_mul": 0.8,
      "restart_t_mul": 2.0,
      "schedule": "cosine_decay"
    },
    "memory_cleanup_every_steps": 100,
    "nmse_loss_weight": 0.4788048920718949,
    "seed": 7,
    "training_seed": 7,
    "val_microbatch_size": 16,
    "val_steps": 96,
    "weight_decay": 9.654662480652895e-06
  }
}