{
  "best_val": 0.019661100809268344,
  "best_weights_path": "/lustre10/scratch/rsadve1/NewAblations_Fabel/TWC_plots_comprehensive/runs_rx16/seed7/1dmrs/no_prompt_film_d256_b4_r2/checkpoints/best.weights.h5",
  "checkpoint_metrics": {
    "last_loss": -3.4394185543060303,
    "last_nmse_ls": 0.039559803903102875,
    "last_nmse_prop": 0.015478981658816338
  },
  "last_metrics": {
    "ebno_db": 4.445985794067383,
    "learning_rate": 7.64866272220388e-05,
    "loss": -3.4394185543060303,
    "loss_nll": -3.4468300342559814,
    "nmse_ls": 0.039559803903102875,
    "nmse_prop": 0.015478981658816338,
    "num_users": 3,
    "step": 39000,
    "step_elapsed_s": 0.37414291803725064,
    "steps_per_s": 2.0845995485087228,
    "training_elapsed_s": 1131.1525044159498
  },
  "latest_step": 39000,
  "latest_training_state_checkpoint": "/lustre10/scratch/rsadve1/NewAblations_Fabel/TWC_plots_comprehensive/runs_rx16/seed7/1dmrs/no_prompt_film_d256_b4_r2/checkpoints/training_state/ckpt-39000",
  "resume_enabled": true,
  "save_reason": "periodic",
  "total_steps": 40000,
  "training_complete": false,
  "training_parameters": {
    "batch_size_eval": 32,
    "batch_size_train": 32,
    "current_learning_rate": 7.64866272220388e-05,
    "eval_every": 2000,
    "evaluation_seed": 1007,
    "grad_clip_norm": 0.5,
    "learning_rate": 0.0005712916127949584,
    "learning_rate_schedule": {
      "decay_rate": 0.96,
      "decay_steps": 50000.0,
      "final_fraction": 0.02159904793462117,
      "learning_rate": 0.0005712916127949584,
      "polynomial_power": 1.0,
      "restart_first_decay_steps": 2500.0,
      "restart_m_mul": 0.8,
      "restart_t_mul": 2.0,
      "schedule": "cosine_decay"
    },
    "memory_cleanup_every_steps": 100,
    "nmse_loss_weight": 0.4788048920718949,
    "seed": 7,
    "training_seed": 7,
    "val_microbatch_size": 16,
    "val_steps": 96,
    "weight_decay": 9.654662480652895e-06
  }
}