{
  "best_val": 0.03251141716221658,
  "best_weights_path": "/scratch/rsadve1/NewAblations_Fabel/TWC_plots_comprehensive/runs_rx16/seed7/1dmrs/no_prompt_film_d256_b4_r2/checkpoints/best.weights.h5",
  "checkpoint_metrics": {
    "last_loss": -2.821713924407959,
    "last_nmse_ls": 0.05238119140267372,
    "last_nmse_prop": 0.024553997442126274
  },
  "last_metrics": {
    "ebno_db": 2.5835886001586914,
    "learning_rate": 0.0005663445917889476,
    "loss": -2.821713924407959,
    "loss_nll": -2.833470582962036,
    "nmse_ls": 0.05238119140267372,
    "nmse_prop": 0.024553997442126274,
    "num_users": 4,
    "step": 3000,
    "step_elapsed_s": 0.5712298648431897,
    "steps_per_s": 1.792295074317257,
    "training_elapsed_s": 1673.8315263979603
  },
  "latest_step": 3000,
  "latest_training_state_checkpoint": "/scratch/rsadve1/NewAblations_Fabel/TWC_plots_comprehensive/runs_rx16/seed7/1dmrs/no_prompt_film_d256_b4_r2/checkpoints/training_state/ckpt-3000",
  "resume_enabled": true,
  "save_reason": "periodic",
  "total_steps": 40000,
  "training_complete": false,
  "training_parameters": {
    "batch_size_eval": 32,
    "batch_size_train": 32,
    "current_learning_rate": 0.0005663445917889476,
    "eval_every": 2000,
    "evaluation_seed": 1007,
    "grad_clip_norm": 0.5,
    "learning_rate": 0.0005712916127949584,
    "learning_rate_schedule": {
      "decay_rate": 0.96,
      "decay_steps": 50000.0,
      "final_fraction": 0.02159904793462117,
      "learning_rate": 0.0005712916127949584,
      "polynomial_power": 1.0,
      "restart_first_decay_steps": 2500.0,
      "restart_m_mul": 0.8,
      "restart_t_mul": 2.0,
      "schedule": "cosine_decay"
    },
    "memory_cleanup_every_steps": 100,
    "nmse_loss_weight": 0.4788048920718949,
    "seed": 7,
    "training_seed": 7,
    "val_microbatch_size": 16,
    "val_steps": 96,
    "weight_decay": 9.654662480652895e-06
  }
}