{
  "best_val": 0.025359919639110256,
  "best_weights_path": "/lustre10/scratch/rsadve1/Ablations_S1P2/TWC_plots_comprehensive/runs_rx16/seed7/1dmrs/convnext_axial_d256_b4_r2/checkpoints/best.weights.h5",
  "checkpoint_metrics": {
    "last_loss": -3.210822820663452,
    "last_nmse_ls": 0.04626663774251938,
    "last_nmse_prop": 0.01896623708307743
  },
  "last_metrics": {
    "ebno_db": 3.234494209289551,
    "learning_rate": 0.00015719221846666187,
    "loss": -3.210822820663452,
    "loss_nll": -3.2199039459228516,
    "nmse_ls": 0.04626663774251938,
    "nmse_prop": 0.01896623708307743,
    "num_users": 1,
    "step": 33000,
    "step_elapsed_s": 0.18778913491405547,
    "steps_per_s": 2.1185778069536494,
    "training_elapsed_s": 15576.487156471936
  },
  "latest_step": 33000,
  "latest_training_state_checkpoint": "/lustre10/scratch/rsadve1/Ablations_S1P2/TWC_plots_comprehensive/runs_rx16/seed7/1dmrs/convnext_axial_d256_b4_r2/checkpoints/training_state/ckpt-33000",
  "resume_enabled": true,
  "save_reason": "periodic",
  "total_steps": 40000,
  "training_complete": false,
  "training_parameters": {
    "batch_size_eval": 32,
    "batch_size_train": 32,
    "current_learning_rate": 0.00015719221846666187,
    "eval_every": 2000,
    "evaluation_seed": 1007,
    "grad_clip_norm": 0.5,
    "learning_rate": 0.0005712916127949584,
    "learning_rate_schedule": {
      "decay_rate": 0.96,
      "decay_steps": 50000.0,
      "final_fraction": 0.02159904793462117,
      "learning_rate": 0.0005712916127949584,
      "polynomial_power": 1.0,
      "restart_first_decay_steps": 2500.0,
      "restart_m_mul": 0.8,
      "restart_t_mul": 2.0,
      "schedule": "cosine_decay"
    },
    "memory_cleanup_every_steps": 100,
    "nmse_loss_weight": 0.4788048920718949,
    "seed": 7,
    "training_seed": 7,
    "val_microbatch_size": 16,
    "val_steps": 96,
    "weight_decay": 9.654662480652895e-06
  }
}