{
  "best_val": 0.06397040773299523,
  "best_weights_path": "/lustre10/scratch/rsadve1/Ablations_Wave3/TWC_plots_comprehensive/runs_rx16/seed7/1dmrs/dncnn_trunk_lr05_d256_l7/checkpoints/best.weights.h5",
  "checkpoint_metrics": {
    "last_loss": -1.0424853563308716,
    "last_nmse_ls": 0.19899964332580566,
    "last_nmse_prop": 0.13286979496479034
  },
  "last_metrics": {
    "ebno_db": -4.72091007232666,
    "learning_rate": 4.404909850563854e-05,
    "loss": -1.0424853563308716,
    "loss_nll": -1.1061040163040161,
    "nmse_ls": 0.19899964332580566,
    "nmse_prop": 0.13286979496479034,
    "num_users": 3,
    "step": 38000,
    "step_elapsed_s": 110.59599565691315,
    "steps_per_s": 2.543335079496457,
    "training_elapsed_s": 14941.012022498995,
    "val_batch_size": 32,
    "val_ebno_db": "multi",
    "val_ebno_db_values": [
      -4.0,
      -2.0,
      0.0,
      2.0,
      4.0
    ],
    "val_microbatch_size": 16,
    "val_nmse_ls": 0.09155129241601874,
    "val_nmse_prop": 0.06469148317895208,
    "val_snr_hist": {
      "-2.0": 18,
      "-4.0": 19,
      "0.0": 24,
      "2.0": 10,
      "4.0": 25
    },
    "val_user_count_hist": {
      "1": 4,
      "2": 13,
      "3": 26,
      "4": 53
    }
  },
  "latest_step": 38000,
  "latest_training_state_checkpoint": "/lustre10/scratch/rsadve1/Ablations_Wave3/TWC_plots_comprehensive/runs_rx16/seed7/1dmrs/dncnn_trunk_lr05_d256_l7/checkpoints/training_state/ckpt-38000",
  "resume_enabled": true,
  "save_reason": "periodic",
  "total_steps": 40000,
  "training_complete": false,
  "training_parameters": {
    "batch_size_eval": 32,
    "batch_size_train": 32,
    "current_learning_rate": 4.404909850563854e-05,
    "eval_every": 2000,
    "evaluation_seed": 1007,
    "grad_clip_norm": 0.5,
    "learning_rate": 0.0002856458063974792,
    "learning_rate_schedule": {
      "decay_rate": 0.96,
      "decay_steps": 50000.0,
      "final_fraction": 0.02159904793462117,
      "learning_rate": 0.0002856458063974792,
      "polynomial_power": 1.0,
      "restart_first_decay_steps": 2500.0,
      "restart_m_mul": 0.8,
      "restart_t_mul": 2.0,
      "schedule": "cosine_decay"
    },
    "memory_cleanup_every_steps": 100,
    "nmse_loss_weight": 0.4788048920718949,
    "seed": 7,
    "training_seed": 7,
    "val_microbatch_size": 16,
    "val_steps": 96,
    "weight_decay": 9.654662480652895e-06
  }
}