{
  "best_val": 0.08740654155068721,
  "best_weights_path": "/lustre07/scratch/rsadve1/Ablations_Wave3/optuna/runs_1dmrs/clean_b32_prb8_d256_40k_smart_trueDMRS_u34610_1dmrs_stageB_dncnn_trunk_d256_l7_gate2/dncnn_trunk_d256_l7_trial_0000/checkpoints/best.weights.h5",
  "checkpoint_metrics": {
    "last_loss": -1.5285629034042358,
    "last_nmse_ls": 0.07992713153362274,
    "last_nmse_prop": 0.07990168780088425
  },
  "last_metrics": {
    "ebno_db": -0.16112518310546875,
    "learning_rate": 6.056803613319062e-06,
    "loss": -1.5285629034042358,
    "loss_nll": -1.5383455753326416,
    "nmse_ls": 0.07992713153362274,
    "nmse_prop": 0.07990168780088425,
    "num_users": 3,
    "step": 300,
    "step_elapsed_s": 138.33599721454084,
    "steps_per_s": 0.4658562468427866,
    "training_elapsed_s": 643.9754796316847,
    "val_batch_size": 32,
    "val_ebno_db": "multi",
    "val_ebno_db_values": [
      -4.0,
      -2.0,
      0.0,
      2.0,
      4.0
    ],
    "val_microbatch_size": 16,
    "val_nmse_ls": 0.0910421303124167,
    "val_nmse_prop": 0.09104923414997756,
    "val_snr_hist": {
      "-2.0": 22,
      "-4.0": 18,
      "0.0": 13,
      "2.0": 23,
      "4.0": 20
    },
    "val_user_count_hist": {
      "1": 5,
      "2": 15,
      "3": 31,
      "4": 45
    }
  },
  "latest_step": 300,
  "latest_training_state_checkpoint": "/lustre07/scratch/rsadve1/Ablations_Wave3/optuna/runs_1dmrs/clean_b32_prb8_d256_40k_smart_trueDMRS_u34610_1dmrs_stageB_dncnn_trunk_d256_l7_gate2/dncnn_trunk_d256_l7_trial_0000/checkpoints/training_state/ckpt-300",
  "resume_enabled": true,
  "save_reason": "final",
  "total_steps": 300,
  "training_complete": true,
  "training_parameters": {
    "batch_size_eval": 32,
    "batch_size_train": 32,
    "current_learning_rate": 6.056803613319062e-06,
    "eval_every": 100,
    "evaluation_seed": 1007,
    "grad_clip_norm": 1.0,
    "learning_rate": 0.0004983159357242532,
    "learning_rate_schedule": {
      "decay_rate": 0.96,
      "decay_steps": 225.0,
      "final_fraction": 0.012154545064008537,
      "learning_rate": 0.0004983159357242532,
      "polynomial_power": 1.0,
      "restart_first_decay_steps": 2500.0,
      "restart_m_mul": 0.8,
      "restart_t_mul": 2.0,
      "schedule": "cosine_decay"
    },
    "memory_cleanup_every_steps": 100,
    "nmse_loss_weight": 0.12243400701824686,
    "seed": 7,
    "training_seed": 7,
    "val_microbatch_size": 16,
    "val_steps": 96,
    "weight_decay": 7.693520676908999e-07
  }
}