{
  "best_val": 0.020882971550842438,
  "best_weights_path": "/lustre10/scratch/rsadve1/Ablations_S1P2/TWC_plots_comprehensive/runs_rx16/seed7/1dmrs/oracle_prompt_d256_b4_r2/checkpoints/best.weights.h5",
  "checkpoint_metrics": {
    "last_loss": -2.6705684661865234,
    "last_nmse_ls": 0.12818695604801178,
    "last_nmse_prop": 0.027366016060113907
  },
  "last_metrics": {
    "ebno_db": -2.6200766563415527,
    "learning_rate": 0.0001889498089440167,
    "loss": -2.6705684661865234,
    "loss_nll": -2.683671474456787,
    "nmse_ls": 0.12818695604801178,
    "nmse_prop": 0.027366016060113907,
    "num_users": 4,
    "step": 31000,
    "step_elapsed_s": 0.4540759460069239,
    "steps_per_s": 2.0540717642633113,
    "training_elapsed_s": 15091.975139007904
  },
  "latest_step": 31000,
  "latest_training_state_checkpoint": "/lustre10/scratch/rsadve1/Ablations_S1P2/TWC_plots_comprehensive/runs_rx16/seed7/1dmrs/oracle_prompt_d256_b4_r2/checkpoints/training_state/ckpt-31000",
  "resume_enabled": true,
  "save_reason": "periodic",
  "total_steps": 40000,
  "training_complete": false,
  "training_parameters": {
    "batch_size_eval": 32,
    "batch_size_train": 32,
    "current_learning_rate": 0.0001889498089440167,
    "eval_every": 2000,
    "evaluation_seed": 1007,
    "grad_clip_norm": 0.5,
    "learning_rate": 0.0005712916127949584,
    "learning_rate_schedule": {
      "decay_rate": 0.96,
      "decay_steps": 50000.0,
      "final_fraction": 0.02159904793462117,
      "learning_rate": 0.0005712916127949584,
      "polynomial_power": 1.0,
      "restart_first_decay_steps": 2500.0,
      "restart_m_mul": 0.8,
      "restart_t_mul": 2.0,
      "schedule": "cosine_decay"
    },
    "memory_cleanup_every_steps": 100,
    "nmse_loss_weight": 0.4788048920718949,
    "seed": 7,
    "training_seed": 7,
    "val_microbatch_size": 16,
    "val_steps": 96,
    "weight_decay": 9.654662480652895e-06
  }
}