{
  "best_val": 0.021939220915858943,
  "best_weights_path": "/lustre10/scratch/rsadve1/Ablations_S1P2/TWC_plots_comprehensive/runs_rx16/seed7/1dmrs/oracle_prompt_d256_b4_r2/checkpoints/best.weights.h5",
  "checkpoint_metrics": {
    "last_loss": -3.281690835952759,
    "last_nmse_ls": 0.046599358320236206,
    "last_nmse_prop": 0.01729397475719452
  },
  "last_metrics": {
    "ebno_db": 3.372844696044922,
    "learning_rate": 0.00030938145937398076,
    "loss": -3.281690835952759,
    "loss_nll": -3.289971351623535,
    "nmse_ls": 0.046599358320236206,
    "nmse_prop": 0.01729397475719452,
    "num_users": 3,
    "step": 24000,
    "step_elapsed_s": 166.5600335149793,
    "steps_per_s": 2.0387340149595667,
    "training_elapsed_s": 11772.011367787956,
    "val_batch_size": 32,
    "val_ebno_db": "multi",
    "val_ebno_db_values": [
      -4.0,
      -2.0,
      0.0,
      2.0,
      4.0
    ],
    "val_microbatch_size": 16,
    "val_nmse_ls": 0.09439474487832437,
    "val_nmse_prop": 0.022306045682247106,
    "val_snr_hist": {
      "-2.0": 19,
      "-4.0": 22,
      "0.0": 18,
      "2.0": 12,
      "4.0": 25
    },
    "val_user_count_hist": {
      "1": 5,
      "2": 11,
      "3": 29,
      "4": 51
    }
  },
  "latest_step": 24000,
  "latest_training_state_checkpoint": "/lustre10/scratch/rsadve1/Ablations_S1P2/TWC_plots_comprehensive/runs_rx16/seed7/1dmrs/oracle_prompt_d256_b4_r2/checkpoints/training_state/ckpt-24000",
  "resume_enabled": true,
  "save_reason": "periodic",
  "total_steps": 40000,
  "training_complete": false,
  "training_parameters": {
    "batch_size_eval": 32,
    "batch_size_train": 32,
    "current_learning_rate": 0.00030938145937398076,
    "eval_every": 2000,
    "evaluation_seed": 1007,
    "grad_clip_norm": 0.5,
    "learning_rate": 0.0005712916127949584,
    "learning_rate_schedule": {
      "decay_rate": 0.96,
      "decay_steps": 50000.0,
      "final_fraction": 0.02159904793462117,
      "learning_rate": 0.0005712916127949584,
      "polynomial_power": 1.0,
      "restart_first_decay_steps": 2500.0,
      "restart_m_mul": 0.8,
      "restart_t_mul": 2.0,
      "schedule": "cosine_decay"
    },
    "memory_cleanup_every_steps": 100,
    "nmse_loss_weight": 0.4788048920718949,
    "seed": 7,
    "training_seed": 7,
    "val_microbatch_size": 16,
    "val_steps": 96,
    "weight_decay": 9.654662480652895e-06
  }
}