{
  "best_val": 0.020882971550842438,
  "best_weights_path": "/lustre10/scratch/rsadve1/Ablations_S1P2/TWC_plots_comprehensive/runs_rx16/seed7/1dmrs/oracle_prompt_d256_b4_r2/checkpoints/best.weights.h5",
  "checkpoint_metrics": {
    "last_loss": -2.8074471950531006,
    "last_nmse_ls": 0.15996046364307404,
    "last_nmse_prop": 0.024120528250932693
  },
  "last_metrics": {
    "ebno_db": -3.651979684829712,
    "learning_rate": 0.000142079486977309,
    "loss": -2.8074471950531006,
    "loss_nll": -2.8189961910247803,
    "nmse_ls": 0.15996046364307404,
    "nmse_prop": 0.024120528250932693,
    "num_users": 2,
    "step": 34000,
    "step_elapsed_s": 164.8726825240301,
    "steps_per_s": 2.0450873423056124,
    "training_elapsed_s": 16625.20680494199,
    "val_batch_size": 32,
    "val_ebno_db": "multi",
    "val_ebno_db_values": [
      -4.0,
      -2.0,
      0.0,
      2.0,
      4.0
    ],
    "val_microbatch_size": 16,
    "val_nmse_ls": 0.0975022300456961,
    "val_nmse_prop": 0.02103314493918636,
    "val_snr_hist": {
      "-2.0": 22,
      "-4.0": 21,
      "0.0": 22,
      "2.0": 16,
      "4.0": 15
    },
    "val_user_count_hist": {
      "1": 3,
      "2": 17,
      "3": 32,
      "4": 44
    }
  },
  "latest_step": 34000,
  "latest_training_state_checkpoint": "/lustre10/scratch/rsadve1/Ablations_S1P2/TWC_plots_comprehensive/runs_rx16/seed7/1dmrs/oracle_prompt_d256_b4_r2/checkpoints/training_state/ckpt-34000",
  "resume_enabled": true,
  "save_reason": "periodic",
  "total_steps": 40000,
  "training_complete": false,
  "training_parameters": {
    "batch_size_eval": 32,
    "batch_size_train": 32,
    "current_learning_rate": 0.000142079486977309,
    "eval_every": 2000,
    "evaluation_seed": 1007,
    "grad_clip_norm": 0.5,
    "learning_rate": 0.0005712916127949584,
    "learning_rate_schedule": {
      "decay_rate": 0.96,
      "decay_steps": 50000.0,
      "final_fraction": 0.02159904793462117,
      "learning_rate": 0.0005712916127949584,
      "polynomial_power": 1.0,
      "restart_first_decay_steps": 2500.0,
      "restart_m_mul": 0.8,
      "restart_t_mul": 2.0,
      "schedule": "cosine_decay"
    },
    "memory_cleanup_every_steps": 100,
    "nmse_loss_weight": 0.4788048920718949,
    "seed": 7,
    "training_seed": 7,
    "val_microbatch_size": 16,
    "val_steps": 96,
    "weight_decay": 9.654662480652895e-06
  }
}