{
  "best_val": 0.03283884452927547,
  "best_weights_path": "/scratch/rsadve1/NewAblations_Fabel/TWC_plots_comprehensive/runs_rx16/seed7/1dmrs/shallow_light_d256_b2_r2/checkpoints/best.weights.h5",
  "checkpoint_metrics": {
    "last_loss": -1.8335177898406982,
    "last_nmse_ls": 0.2307269275188446,
    "last_nmse_prop": 0.059642571955919266
  },
  "last_metrics": {
    "ebno_db": -5.393690586090088,
    "learning_rate": 0.0005625156918540597,
    "loss": -1.8335177898406982,
    "loss_nll": -1.8620749711990356,
    "nmse_ls": 0.2307269275188446,
    "nmse_prop": 0.059642571955919266,
    "num_users": 3,
    "step": 4000,
    "step_elapsed_s": 121.66967438487336,
    "steps_per_s": 2.0374353828227725,
    "training_elapsed_s": 1963.2524465429597,
    "val_batch_size": 32,
    "val_ebno_db": "multi",
    "val_ebno_db_values": [
      -4.0,
      -2.0,
      0.0,
      2.0,
      4.0
    ],
    "val_microbatch_size": 16,
    "val_nmse_ls": 0.09619996277615428,
    "val_nmse_prop": 0.03283884452927547,
    "val_snr_hist": {
      "-2.0": 17,
      "-4.0": 24,
      "0.0": 18,
      "2.0": 16,
      "4.0": 21
    },
    "val_user_count_hist": {
      "1": 5,
      "2": 11,
      "3": 25,
      "4": 55
    }
  },
  "latest_step": 4000,
  "latest_training_state_checkpoint": "/scratch/rsadve1/NewAblations_Fabel/TWC_plots_comprehensive/runs_rx16/seed7/1dmrs/shallow_light_d256_b2_r2/checkpoints/training_state/ckpt-4000",
  "resume_enabled": true,
  "save_reason": "periodic",
  "total_steps": 40000,
  "training_complete": false,
  "training_parameters": {
    "batch_size_eval": 32,
    "batch_size_train": 32,
    "current_learning_rate": 0.0005625156918540597,
    "eval_every": 2000,
    "evaluation_seed": 1007,
    "grad_clip_norm": 0.5,
    "learning_rate": 0.0005712916127949584,
    "learning_rate_schedule": {
      "decay_rate": 0.96,
      "decay_steps": 50000.0,
      "final_fraction": 0.02159904793462117,
      "learning_rate": 0.0005712916127949584,
      "polynomial_power": 1.0,
      "restart_first_decay_steps": 2500.0,
      "restart_m_mul": 0.8,
      "restart_t_mul": 2.0,
      "schedule": "cosine_decay"
    },
    "memory_cleanup_every_steps": 100,
    "nmse_loss_weight": 0.4788048920718949,
    "seed": 7,
    "training_seed": 7,
    "val_microbatch_size": 16,
    "val_steps": 96,
    "weight_decay": 9.654662480652895e-06
  }
}