{
  "best_val": 0.026491745248980198,
  "best_weights_path": "/scratch/rsadve1/NewAblations_Fabel/TWC_plots_comprehensive/runs_rx16/seed7/1dmrs/no_raw_y_d256_b4_r2/checkpoints/best.weights.h5",
  "checkpoint_metrics": {
    "last_loss": -2.292985439300537,
    "last_nmse_ls": 0.16105015575885773,
    "last_nmse_prop": 0.03878483921289444
  },
  "last_metrics": {
    "ebno_db": -3.6920347213745117,
    "learning_rate": 0.0004699738055933267,
    "loss": -2.292985439300537,
    "loss_nll": -2.311555862426758,
    "nmse_ls": 0.16105015575885773,
    "nmse_prop": 0.03878483921289444,
    "num_users": 4,
    "step": 14000,
    "step_elapsed_s": 149.35578740015626,
    "steps_per_s": 1.7831641470811619,
    "training_elapsed_s": 7851.212140461896,
    "val_batch_size": 32,
    "val_ebno_db": "multi",
    "val_ebno_db_values": [
      -4.0,
      -2.0,
      0.0,
      2.0,
      4.0
    ],
    "val_microbatch_size": 16,
    "val_nmse_ls": 0.09356802381807938,
    "val_nmse_prop": 0.026491745248980198,
    "val_snr_hist": {
      "-2.0": 17,
      "-4.0": 21,
      "0.0": 20,
      "2.0": 21,
      "4.0": 17
    },
    "val_user_count_hist": {
      "1": 4,
      "2": 22,
      "3": 28,
      "4": 42
    }
  },
  "latest_step": 14000,
  "latest_training_state_checkpoint": "/scratch/rsadve1/NewAblations_Fabel/TWC_plots_comprehensive/runs_rx16/seed7/1dmrs/no_raw_y_d256_b4_r2/checkpoints/training_state/ckpt-14000",
  "resume_enabled": true,
  "save_reason": "periodic",
  "total_steps": 40000,
  "training_complete": false,
  "training_parameters": {
    "batch_size_eval": 32,
    "batch_size_train": 32,
    "current_learning_rate": 0.0004699738055933267,
    "eval_every": 2000,
    "evaluation_seed": 1007,
    "grad_clip_norm": 0.5,
    "learning_rate": 0.0005712916127949584,
    "learning_rate_schedule": {
      "decay_rate": 0.96,
      "decay_steps": 50000.0,
      "final_fraction": 0.02159904793462117,
      "learning_rate": 0.0005712916127949584,
      "polynomial_power": 1.0,
      "restart_first_decay_steps": 2500.0,
      "restart_m_mul": 0.8,
      "restart_t_mul": 2.0,
      "schedule": "cosine_decay"
    },
    "memory_cleanup_every_steps": 100,
    "nmse_loss_weight": 0.4788048920718949,
    "seed": 7,
    "training_seed": 7,
    "val_microbatch_size": 16,
    "val_steps": 96,
    "weight_decay": 9.654662480652895e-06
  }
}