{
  "best_val": 0.02412533809062249,
  "best_weights_path": "/lustre10/scratch/rsadve1/Ablations_S1P2/TWC_plots_comprehensive/runs_rx16/seed7/1dmrs/constant_prompt_d256_b4_r2/checkpoints/best.weights.h5",
  "checkpoint_metrics": {
    "last_loss": -3.0654401779174805,
    "last_nmse_ls": 0.058579422533512115,
    "last_nmse_prop": 0.019913338124752045
  },
  "last_metrics": {
    "ebno_db": 1.6293988227844238,
    "learning_rate": 0.00032686052145436406,
    "loss": -3.0654401779174805,
    "loss_nll": -3.074974775314331,
    "nmse_ls": 0.058579422533512115,
    "nmse_prop": 0.019913338124752045,
    "num_users": 3,
    "step": 23000,
    "step_elapsed_s": 0.37838782400649507,
    "steps_per_s": 2.0116951777877583,
    "training_elapsed_s": 11433.143676017993
  },
  "latest_step": 23000,
  "latest_training_state_checkpoint": "/lustre10/scratch/rsadve1/Ablations_S1P2/TWC_plots_comprehensive/runs_rx16/seed7/1dmrs/constant_prompt_d256_b4_r2/checkpoints/training_state/ckpt-23000",
  "resume_enabled": true,
  "save_reason": "periodic",
  "total_steps": 40000,
  "training_complete": false,
  "training_parameters": {
    "batch_size_eval": 32,
    "batch_size_train": 32,
    "current_learning_rate": 0.00032686052145436406,
    "eval_every": 2000,
    "evaluation_seed": 1007,
    "grad_clip_norm": 0.5,
    "learning_rate": 0.0005712916127949584,
    "learning_rate_schedule": {
      "decay_rate": 0.96,
      "decay_steps": 50000.0,
      "final_fraction": 0.02159904793462117,
      "learning_rate": 0.0005712916127949584,
      "polynomial_power": 1.0,
      "restart_first_decay_steps": 2500.0,
      "restart_m_mul": 0.8,
      "restart_t_mul": 2.0,
      "schedule": "cosine_decay"
    },
    "memory_cleanup_every_steps": 100,
    "nmse_loss_weight": 0.4788048920718949,
    "seed": 7,
    "training_seed": 7,
    "val_microbatch_size": 16,
    "val_steps": 96,
    "weight_decay": 9.654662480652895e-06
  }
}