{
  "best_val": 0.027673274458114367,
  "best_weights_path": "/scratch/rsadve1/NewAblations_Fabel/TWC_plots_comprehensive/runs_rx16/seed7/1dmrs/width_light_d192_b4_r2/checkpoints/best.weights.h5",
  "checkpoint_metrics": {
    "last_loss": -3.1253020763397217,
    "last_nmse_ls": 0.03989595174789429,
    "last_nmse_prop": 0.019821198657155037
  },
  "last_metrics": {
    "ebno_db": 4.627338409423828,
    "learning_rate": 0.00045610161032527685,
    "loss": -3.1253020763397217,
    "loss_nll": -3.1347925662994385,
    "nmse_ls": 0.03989595174789429,
    "nmse_prop": 0.019821198657155037,
    "num_users": 1,
    "step": 15000,
    "step_elapsed_s": 0.21974775288254023,
    "steps_per_s": 1.7937231169481238,
    "training_elapsed_s": 8362.494667249033
  },
  "latest_step": 15000,
  "latest_training_state_checkpoint": "/scratch/rsadve1/NewAblations_Fabel/TWC_plots_comprehensive/runs_rx16/seed7/1dmrs/width_light_d192_b4_r2/checkpoints/training_state/ckpt-15000",
  "resume_enabled": true,
  "save_reason": "periodic",
  "total_steps": 40000,
  "training_complete": false,
  "training_parameters": {
    "batch_size_eval": 32,
    "batch_size_train": 32,
    "current_learning_rate": 0.00045610161032527685,
    "eval_every": 2000,
    "evaluation_seed": 1007,
    "grad_clip_norm": 0.5,
    "learning_rate": 0.0005712916127949584,
    "learning_rate_schedule": {
      "decay_rate": 0.96,
      "decay_steps": 50000.0,
      "final_fraction": 0.02159904793462117,
      "learning_rate": 0.0005712916127949584,
      "polynomial_power": 1.0,
      "restart_first_decay_steps": 2500.0,
      "restart_m_mul": 0.8,
      "restart_t_mul": 2.0,
      "schedule": "cosine_decay"
    },
    "memory_cleanup_every_steps": 100,
    "nmse_loss_weight": 0.4788048920718949,
    "seed": 7,
    "training_seed": 7,
    "val_microbatch_size": 16,
    "val_steps": 96,
    "weight_decay": 9.654662480652895e-06
  }
}