{
  "best_val": 0.024556044692872092,
  "best_weights_path": "/scratch/rsadve1/NewAblations_Fabel/TWC_plots_comprehensive/runs_rx16/seed7/1dmrs/width_light_d192_b4_r2/checkpoints/best.weights.h5",
  "checkpoint_metrics": {
    "last_loss": -2.956882953643799,
    "last_nmse_ls": 0.0776202529668808,
    "last_nmse_prop": 0.020860087126493454
  },
  "last_metrics": {
    "ebno_db": -0.10892772674560547,
    "learning_rate": 6.572486745426431e-05,
    "loss": -2.956882953643799,
    "loss_nll": -2.9668707847595215,
    "nmse_ls": 0.0776202529668808,
    "nmse_prop": 0.020860087126493454,
    "num_users": 4,
    "step": 40000,
    "step_elapsed_s": 193.83660192601383,
    "steps_per_s": 1.7431501287540905,
    "training_elapsed_s": 5032.2687961878255,
    "val_batch_size": 32,
    "val_ebno_db": "multi",
    "val_ebno_db_values": [
      -4.0,
      -2.0,
      0.0,
      2.0,
      4.0
    ],
    "val_microbatch_size": 16,
    "val_nmse_ls": 0.09379946376429871,
    "val_nmse_prop": 0.024799700918568608,
    "val_snr_hist": {
      "-2.0": 20,
      "-4.0": 19,
      "0.0": 24,
      "2.0": 14,
      "4.0": 19
    },
    "val_user_count_hist": {
      "1": 5,
      "2": 9,
      "3": 25,
      "4": 57
    }
  },
  "latest_step": 40000,
  "latest_training_state_checkpoint": "/scratch/rsadve1/NewAblations_Fabel/TWC_plots_comprehensive/runs_rx16/seed7/1dmrs/width_light_d192_b4_r2/checkpoints/training_state/ckpt-40000",
  "resume_enabled": true,
  "save_reason": "final",
  "total_steps": 40000,
  "training_complete": true,
  "training_parameters": {
    "batch_size_eval": 32,
    "batch_size_train": 32,
    "current_learning_rate": 6.572486745426431e-05,
    "eval_every": 2000,
    "evaluation_seed": 1007,
    "grad_clip_norm": 0.5,
    "learning_rate": 0.0005712916127949584,
    "learning_rate_schedule": {
      "decay_rate": 0.96,
      "decay_steps": 50000.0,
      "final_fraction": 0.02159904793462117,
      "learning_rate": 0.0005712916127949584,
      "polynomial_power": 1.0,
      "restart_first_decay_steps": 2500.0,
      "restart_m_mul": 0.8,
      "restart_t_mul": 2.0,
      "schedule": "cosine_decay"
    },
    "memory_cleanup_every_steps": 100,
    "nmse_loss_weight": 0.4788048920718949,
    "seed": 7,
    "training_seed": 7,
    "val_microbatch_size": 16,
    "val_steps": 96,
    "weight_decay": 9.654662480652895e-06
  }
}