{
  "best_val": 0.024954090210182283,
  "best_weights_path": "/scratch/rsadve1/NewAblations_Fabel/TWC_plots_comprehensive/runs_rx16/seed7/1dmrs/width_light_d192_b4_r2/checkpoints/best.weights.h5",
  "checkpoint_metrics": {
    "last_loss": -3.011979103088379,
    "last_nmse_ls": 0.06348518282175064,
    "last_nmse_prop": 0.020275920629501343
  },
  "last_metrics": {
    "ebno_db": 1.0339350700378418,
    "learning_rate": 0.00018523787730373442,
    "loss": -3.011979103088379,
    "loss_nll": -3.0216872692108154,
    "nmse_ls": 0.06348518282175064,
    "nmse_prop": 0.020275920629501343,
    "num_users": 4,
    "step": 31228,
    "step_elapsed_s": 0.5430556880310178,
    "steps_per_s": 1.7986510592631175,
    "training_elapsed_s": 17361.90009683906
  },
  "latest_step": 31228,
  "latest_training_state_checkpoint": "/scratch/rsadve1/NewAblations_Fabel/TWC_plots_comprehensive/runs_rx16/seed7/1dmrs/width_light_d192_b4_r2/checkpoints/training_state/ckpt-31228",
  "resume_enabled": true,
  "save_reason": "resource_exhausted",
  "total_steps": 40000,
  "training_complete": false,
  "training_parameters": {
    "batch_size_eval": 32,
    "batch_size_train": 32,
    "current_learning_rate": 0.00018522163736633956,
    "eval_every": 2000,
    "evaluation_seed": 1007,
    "grad_clip_norm": 0.5,
    "learning_rate": 0.0005712916127949584,
    "learning_rate_schedule": {
      "decay_rate": 0.96,
      "decay_steps": 50000.0,
      "final_fraction": 0.02159904793462117,
      "learning_rate": 0.0005712916127949584,
      "polynomial_power": 1.0,
      "restart_first_decay_steps": 2500.0,
      "restart_m_mul": 0.8,
      "restart_t_mul": 2.0,
      "schedule": "cosine_decay"
    },
    "memory_cleanup_every_steps": 100,
    "nmse_loss_weight": 0.4788048920718949,
    "seed": 7,
    "training_seed": 7,
    "val_microbatch_size": 16,
    "val_steps": 96,
    "weight_decay": 9.654662480652895e-06
  }
}