{
  "best_val": 0.032872691886344306,
  "best_weights_path": "/scratch/rsadve1/NewAblations_Fabel/TWC_plots_comprehensive/runs_rx16/seed7/1dmrs/no_learned_errvar_d256_b4_r2/checkpoints/best.weights.h5",
  "checkpoint_metrics": {
    "last_loss": 0.056879013776779175,
    "last_nmse_ls": 0.17447763681411743,
    "last_nmse_prop": 0.056879013776779175
  },
  "last_metrics": {
    "ebno_db": -4.018455982208252,
    "learning_rate": 0.0005690900725312531,
    "loss": 0.056879013776779175,
    "loss_nll": -1.3044487237930298,
    "nmse_ls": 0.17447763681411743,
    "nmse_prop": 0.056879013776779175,
    "num_users": 4,
    "step": 2000,
    "step_elapsed_s": 146.91620674193837,
    "steps_per_s": 1.7845335020971387,
    "training_elapsed_s": 1120.7410775138997,
    "val_batch_size": 32,
    "val_ebno_db": "multi",
    "val_ebno_db_values": [
      -4.0,
      -2.0,
      0.0,
      2.0,
      4.0
    ],
    "val_microbatch_size": 16,
    "val_nmse_ls": 0.08596815882871549,
    "val_nmse_prop": 0.032872691886344306,
    "val_snr_hist": {
      "-2.0": 14,
      "-4.0": 16,
      "0.0": 23,
      "2.0": 22,
      "4.0": 21
    },
    "val_user_count_hist": {
      "1": 8,
      "2": 19,
      "3": 20,
      "4": 49
    }
  },
  "latest_step": 2000,
  "latest_training_state_checkpoint": "/scratch/rsadve1/NewAblations_Fabel/TWC_plots_comprehensive/runs_rx16/seed7/1dmrs/no_learned_errvar_d256_b4_r2/checkpoints/training_state/ckpt-2000",
  "resume_enabled": true,
  "save_reason": "periodic",
  "total_steps": 40000,
  "training_complete": false,
  "training_parameters": {
    "batch_size_eval": 32,
    "batch_size_train": 32,
    "current_learning_rate": 0.0005690900725312531,
    "eval_every": 2000,
    "evaluation_seed": 1007,
    "grad_clip_norm": 0.5,
    "learning_rate": 0.0005712916127949584,
    "learning_rate_schedule": {
      "decay_rate": 0.96,
      "decay_steps": 50000.0,
      "final_fraction": 0.02159904793462117,
      "learning_rate": 0.0005712916127949584,
      "polynomial_power": 1.0,
      "restart_first_decay_steps": 2500.0,
      "restart_m_mul": 0.8,
      "restart_t_mul": 2.0,
      "schedule": "cosine_decay"
    },
    "memory_cleanup_every_steps": 100,
    "nmse_loss_weight": 0.4788048920718949,
    "seed": 7,
    "training_seed": 7,
    "val_microbatch_size": 16,
    "val_steps": 96,
    "weight_decay": 9.654662480652895e-06
  }
}