{
  "best_val": 0.021504807664314285,
  "best_weights_path": "/scratch/rsadve1/NewAblations_Fabel/TWC_plots_comprehensive/runs_rx16/seed7/1dmrs/no_learned_errvar_d256_b4_r2/checkpoints/best.weights.h5",
  "checkpoint_metrics": {
    "last_loss": 0.022748161107301712,
    "last_nmse_ls": 0.10392787307500839,
    "last_nmse_prop": 0.022748161107301712
  },
  "last_metrics": {
    "ebno_db": -1.5816054344177246,
    "learning_rate": 0.0001710279320832342,
    "loss": 0.022748161107301712,
    "loss_nll": -1.948203682899475,
    "nmse_ls": 0.10392787307500839,
    "nmse_prop": 0.022748161107301712,
    "num_users": 3,
    "step": 32114,
    "step_elapsed_s": 0.4652250020299107,
    "steps_per_s": 1.7681350680309162,
    "training_elapsed_s": 18162.639597303933
  },
  "latest_step": 32114,
  "latest_training_state_checkpoint": "/scratch/rsadve1/NewAblations_Fabel/TWC_plots_comprehensive/runs_rx16/seed7/1dmrs/no_learned_errvar_d256_b4_r2/checkpoints/training_state/ckpt-32114",
  "resume_enabled": true,
  "save_reason": "resource_exhausted",
  "total_steps": 40000,
  "training_complete": false,
  "training_parameters": {
    "batch_size_eval": 32,
    "batch_size_train": 32,
    "current_learning_rate": 0.00017101207049563527,
    "eval_every": 2000,
    "evaluation_seed": 1007,
    "grad_clip_norm": 0.5,
    "learning_rate": 0.0005712916127949584,
    "learning_rate_schedule": {
      "decay_rate": 0.96,
      "decay_steps": 50000.0,
      "final_fraction": 0.02159904793462117,
      "learning_rate": 0.0005712916127949584,
      "polynomial_power": 1.0,
      "restart_first_decay_steps": 2500.0,
      "restart_m_mul": 0.8,
      "restart_t_mul": 2.0,
      "schedule": "cosine_decay"
    },
    "memory_cleanup_every_steps": 100,
    "nmse_loss_weight": 0.4788048920718949,
    "seed": 7,
    "training_seed": 7,
    "val_microbatch_size": 16,
    "val_steps": 96,
    "weight_decay": 9.654662480652895e-06
  }
}