{
  "best_val": 0.027278327693541844,
  "best_weights_path": "/lustre10/scratch/rsadve1/NewAblations_Fabel/TWC_plots_comprehensive/runs_rx16/seed7/1dmrs/time_attn_only_d256_b4_r2/checkpoints/best.weights.h5",
  "checkpoint_metrics": {
    "last_loss": -3.0608603954315186,
    "last_nmse_ls": 0.0514817051589489,
    "last_nmse_prop": 0.02008919231593609
  },
  "last_metrics": {
    "ebno_db": 2.8039464950561523,
    "learning_rate": 0.000113684254756663,
    "loss": -3.0608603954315186,
    "loss_nll": -3.070479154586792,
    "nmse_ls": 0.0514817051589489,
    "nmse_prop": 0.02008919231593609,
    "num_users": 3,
    "step": 36000,
    "step_elapsed_s": 167.3876736220118,
    "steps_per_s": 2.161305197151179,
    "training_elapsed_s": 16656.601782779995,
    "val_batch_size": 32,
    "val_ebno_db": "multi",
    "val_ebno_db_values": [
      -4.0,
      -2.0,
      0.0,
      2.0,
      4.0
    ],
    "val_microbatch_size": 16,
    "val_nmse_ls": 0.0905322931939736,
    "val_nmse_prop": 0.027278327693541844,
    "val_snr_hist": {
      "-2.0": 13,
      "-4.0": 22,
      "0.0": 18,
      "2.0": 18,
      "4.0": 25
    },
    "val_user_count_hist": {
      "1": 6,
      "2": 11,
      "3": 28,
      "4": 51
    }
  },
  "latest_step": 36000,
  "latest_training_state_checkpoint": "/lustre10/scratch/rsadve1/NewAblations_Fabel/TWC_plots_comprehensive/runs_rx16/seed7/1dmrs/time_attn_only_d256_b4_r2/checkpoints/training_state/ckpt-36000",
  "resume_enabled": true,
  "save_reason": "periodic",
  "total_steps": 40000,
  "training_complete": false,
  "training_parameters": {
    "batch_size_eval": 32,
    "batch_size_train": 32,
    "current_learning_rate": 0.000113684254756663,
    "eval_every": 2000,
    "evaluation_seed": 1007,
    "grad_clip_norm": 0.5,
    "learning_rate": 0.0005712916127949584,
    "learning_rate_schedule": {
      "decay_rate": 0.96,
      "decay_steps": 50000.0,
      "final_fraction": 0.02159904793462117,
      "learning_rate": 0.0005712916127949584,
      "polynomial_power": 1.0,
      "restart_first_decay_steps": 2500.0,
      "restart_m_mul": 0.8,
      "restart_t_mul": 2.0,
      "schedule": "cosine_decay"
    },
    "memory_cleanup_every_steps": 100,
    "nmse_loss_weight": 0.4788048920718949,
    "seed": 7,
    "training_seed": 7,
    "val_microbatch_size": 16,
    "val_steps": 96,
    "weight_decay": 9.654662480652895e-06
  }
}