{
  "best_val": 0.02591896615922451,
  "best_weights_path": "/lustre10/scratch/rsadve1/NewAblations_Fabel/TWC_plots_comprehensive/runs_rx16/seed7/1dmrs/no_ls_anchor_d256_b4_r2/checkpoints/best.weights.h5",
  "checkpoint_metrics": {
    "last_loss": -2.7110087871551514,
    "last_nmse_ls": 0.09950432926416397,
    "last_nmse_prop": 0.026766164228320122
  },
  "last_metrics": {
    "ebno_db": -1.2301292419433594,
    "learning_rate": 0.000113684254756663,
    "loss": -2.7110087871551514,
    "loss_nll": -2.7238245010375977,
    "nmse_ls": 0.09950432926416397,
    "nmse_prop": 0.026766164228320122,
    "num_users": 3,
    "step": 36000,
    "step_elapsed_s": 193.9334205579944,
    "steps_per_s": 1.6740301552310977,
    "training_elapsed_s": 891.2623200590024,
    "val_batch_size": 32,
    "val_ebno_db": "multi",
    "val_ebno_db_values": [
      -4.0,
      -2.0,
      0.0,
      2.0,
      4.0
    ],
    "val_microbatch_size": 16,
    "val_nmse_ls": 0.10193673736648634,
    "val_nmse_prop": 0.02671574489310539,
    "val_snr_hist": {
      "-2.0": 21,
      "-4.0": 28,
      "0.0": 10,
      "2.0": 19,
      "4.0": 18
    },
    "val_user_count_hist": {
      "1": 4,
      "2": 13,
      "3": 30,
      "4": 49
    }
  },
  "latest_step": 36000,
  "latest_training_state_checkpoint": "/lustre10/scratch/rsadve1/NewAblations_Fabel/TWC_plots_comprehensive/runs_rx16/seed7/1dmrs/no_ls_anchor_d256_b4_r2/checkpoints/training_state/ckpt-36000",
  "resume_enabled": true,
  "save_reason": "periodic",
  "total_steps": 40000,
  "training_complete": false,
  "training_parameters": {
    "batch_size_eval": 32,
    "batch_size_train": 32,
    "current_learning_rate": 0.000113684254756663,
    "eval_every": 2000,
    "evaluation_seed": 1007,
    "grad_clip_norm": 0.5,
    "learning_rate": 0.0005712916127949584,
    "learning_rate_schedule": {
      "decay_rate": 0.96,
      "decay_steps": 50000.0,
      "final_fraction": 0.02159904793462117,
      "learning_rate": 0.0005712916127949584,
      "polynomial_power": 1.0,
      "restart_first_decay_steps": 2500.0,
      "restart_m_mul": 0.8,
      "restart_t_mul": 2.0,
      "schedule": "cosine_decay"
    },
    "memory_cleanup_every_steps": 100,
    "nmse_loss_weight": 0.4788048920718949,
    "seed": 7,
    "training_seed": 7,
    "val_microbatch_size": 16,
    "val_steps": 96,
    "weight_decay": 9.654662480652895e-06
  }
}