{
  "best_val": 0.024540592431245994,
  "best_weights_path": "/lustre10/scratch/rsadve1/NewAblations_Fabel/TWC_plots_comprehensive/runs_rx16/seed7/1dmrs/no_ls_anchor_d256_b4_r2/checkpoints/best.weights.h5",
  "checkpoint_metrics": {
    "last_loss": -3.2131271362304688,
    "last_nmse_ls": 0.04153398796916008,
    "last_nmse_prop": 0.018314173445105553
  },
  "last_metrics": {
    "ebno_db": 3.993520736694336,
    "learning_rate": 6.572486745426431e-05,
    "loss": -3.2131271362304688,
    "loss_nll": -3.221895933151245,
    "nmse_ls": 0.04153398796916008,
    "nmse_prop": 0.018314173445105553,
    "num_users": 4,
    "step": 40000,
    "step_elapsed_s": 169.4897733720718,
    "steps_per_s": 1.9328549295213089,
    "training_elapsed_s": 2841.3927585140336,
    "val_batch_size": 32,
    "val_ebno_db": "multi",
    "val_ebno_db_values": [
      -4.0,
      -2.0,
      0.0,
      2.0,
      4.0
    ],
    "val_microbatch_size": 16,
    "val_nmse_ls": 0.08817328157601878,
    "val_nmse_prop": 0.024540592431245994,
    "val_snr_hist": {
      "-2.0": 19,
      "-4.0": 15,
      "0.0": 23,
      "2.0": 21,
      "4.0": 18
    },
    "val_user_count_hist": {
      "1": 2,
      "2": 14,
      "3": 31,
      "4": 49
    }
  },
  "latest_step": 40000,
  "latest_training_state_checkpoint": "/lustre10/scratch/rsadve1/NewAblations_Fabel/TWC_plots_comprehensive/runs_rx16/seed7/1dmrs/no_ls_anchor_d256_b4_r2/checkpoints/training_state/ckpt-40000",
  "resume_enabled": true,
  "save_reason": "final",
  "total_steps": 40000,
  "training_complete": true,
  "training_parameters": {
    "batch_size_eval": 32,
    "batch_size_train": 32,
    "current_learning_rate": 6.572486745426431e-05,
    "eval_every": 2000,
    "evaluation_seed": 1007,
    "grad_clip_norm": 0.5,
    "learning_rate": 0.0005712916127949584,
    "learning_rate_schedule": {
      "decay_rate": 0.96,
      "decay_steps": 50000.0,
      "final_fraction": 0.02159904793462117,
      "learning_rate": 0.0005712916127949584,
      "polynomial_power": 1.0,
      "restart_first_decay_steps": 2500.0,
      "restart_m_mul": 0.8,
      "restart_t_mul": 2.0,
      "schedule": "cosine_decay"
    },
    "memory_cleanup_every_steps": 100,
    "nmse_loss_weight": 0.4788048920718949,
    "seed": 7,
    "training_seed": 7,
    "val_microbatch_size": 16,
    "val_steps": 96,
    "weight_decay": 9.654662480652895e-06
  }
}