{
  "best_val": 0.02591896664428835,
  "best_weights_path": "/scratch/rsadve1/NewAblations_Fabel/TWC_plots_comprehensive/runs_rx16/seed7/1dmrs/no_ls_anchor_d256_b4_r2/checkpoints/best.weights.h5",
  "checkpoint_metrics": {
    "last_loss": -3.292250156402588,
    "last_nmse_ls": 0.038978200405836105,
    "last_nmse_prop": 0.016362441703677177
  },
  "last_metrics": {
    "ebno_db": 4.217803001403809,
    "learning_rate": 0.00013462493370752782,
    "loss": -3.292250156402588,
    "loss_nll": -3.3000845909118652,
    "nmse_ls": 0.038978200405836105,
    "nmse_prop": 0.016362441703677177,
    "num_users": 3,
    "step": 34508,
    "step_elapsed_s": 0.47641910007223487,
    "steps_per_s": 1.6457510571305602,
    "training_elapsed_s": 20967.93427565298
  },
  "latest_step": 34508,
  "latest_training_state_checkpoint": "/scratch/rsadve1/NewAblations_Fabel/TWC_plots_comprehensive/runs_rx16/seed7/1dmrs/no_ls_anchor_d256_b4_r2/checkpoints/training_state/ckpt-34508",
  "resume_enabled": true,
  "save_reason": "resource_exhausted",
  "total_steps": 40000,
  "training_complete": false,
  "training_parameters": {
    "batch_size_eval": 32,
    "batch_size_train": 32,
    "current_learning_rate": 0.00013461046910379082,
    "eval_every": 2000,
    "evaluation_seed": 1007,
    "grad_clip_norm": 0.5,
    "learning_rate": 0.0005712916127949584,
    "learning_rate_schedule": {
      "decay_rate": 0.96,
      "decay_steps": 50000.0,
      "final_fraction": 0.02159904793462117,
      "learning_rate": 0.0005712916127949584,
      "polynomial_power": 1.0,
      "restart_first_decay_steps": 2500.0,
      "restart_m_mul": 0.8,
      "restart_t_mul": 2.0,
      "schedule": "cosine_decay"
    },
    "memory_cleanup_every_steps": 100,
    "nmse_loss_weight": 0.4788048920718949,
    "seed": 7,
    "training_seed": 7,
    "val_microbatch_size": 16,
    "val_steps": 96,
    "weight_decay": 9.654662480652895e-06
  }
}