{
  "best_val": 0.08016285918226156,
  "best_weights_path": "/lustre07/scratch/rsadve1/Ablations_Wave3/optuna/runs_1dmrs/clean_b32_prb8_d256_40k_smart_trueDMRS_u34610_1dmrs_stageB_dncnn_trunk_d256_l7/dncnn_trunk_d256_l7_trial_0005/checkpoints/best.weights.h5",
  "checkpoint_metrics": {
    "last_loss": -2.457395076751709,
    "last_nmse_ls": 0.03834769129753113,
    "last_nmse_prop": 0.03383977711200714
  },
  "last_metrics": {
    "ebno_db": 4.560781478881836,
    "learning_rate": 0.0009643418597988784,
    "loss": -2.457395076751709,
    "loss_nll": -2.4628946781158447,
    "nmse_ls": 0.03834769129753113,
    "nmse_prop": 0.03383977711200714,
    "num_users": 3,
    "step": 12000,
    "step_elapsed_s": 134.00839708466083,
    "steps_per_s": 1.6624725670354146,
    "training_elapsed_s": 7218.16421993589,
    "val_batch_size": 32,
    "val_ebno_db": "multi",
    "val_ebno_db_values": [
      -4.0,
      -2.0,
      0.0,
      2.0,
      4.0
    ],
    "val_microbatch_size": 16,
    "val_nmse_ls": 0.09156308063150694,
    "val_nmse_prop": 0.0813732929721785,
    "val_snr_hist": {
      "-2.0": 23,
      "-4.0": 16,
      "0.0": 19,
      "2.0": 24,
      "4.0": 14
    },
    "val_user_count_hist": {
      "1": 9,
      "2": 11,
      "3": 28,
      "4": 48
    }
  },
  "latest_step": 12000,
  "latest_training_state_checkpoint": "/lustre07/scratch/rsadve1/Ablations_Wave3/optuna/runs_1dmrs/clean_b32_prb8_d256_40k_smart_trueDMRS_u34610_1dmrs_stageB_dncnn_trunk_d256_l7/dncnn_trunk_d256_l7_trial_0005/checkpoints/training_state/ckpt-12000",
  "resume_enabled": true,
  "save_reason": "final",
  "total_steps": 12000,
  "training_complete": true,
  "training_parameters": {
    "batch_size_eval": 32,
    "batch_size_train": 32,
    "current_learning_rate": 0.0009643418597988784,
    "eval_every": 1000,
    "evaluation_seed": 1007,
    "grad_clip_norm": 0.5,
    "learning_rate": 0.0009643418646698049,
    "learning_rate_schedule": {
      "decay_rate": 0.96,
      "decay_steps": 12000.0,
      "final_fraction": 0.05,
      "learning_rate": 0.0009643418646698049,
      "polynomial_power": 1.0,
      "restart_first_decay_steps": 2500.0,
      "restart_m_mul": 0.8,
      "restart_t_mul": 2.0,
      "schedule": "constant"
    },
    "memory_cleanup_every_steps": 100,
    "nmse_loss_weight": 0.16251789877216094,
    "seed": 7,
    "training_seed": 7,
    "val_microbatch_size": 16,
    "val_steps": 96,
    "weight_decay": 1.2083509754787337e-07
  }
}